{
    "rmse": 0.7462692899899416,
    "mae": 0.5830901165111739,
    "r2": 0.22041245398832332
}