{
    "rmse": 0.6448782221544619,
    "mae": 0.5069938407997835,
    "r2": 0.27219474727143933
}